Phase,Blue,Red,Score,Winner,Patch,BB1,RB1,BB2,RB2,BB3,RB3,BP1,RP1-2,BP2-3,RP3,RB4,BB4,RB5,BB5,RP4,BP4-5,RP5,BR1,BR2,BR3,BR4,BR5,RR1,RR2,RR3,RR4,RR5,SB,MH,VOD
Finals,DAMWON Gaming,Suning,1-3月,1,10.19,Camille,Nidalee,Jhin,Twisted Fate,Akali,Ashe,Syndra,"Graves, Leona","Kindred, Caitlyn",Orianna,Kennen,Ezreal,Lulu,Jax,Aphelios,"Pantheon, Ornn",Gangplank,Mid,Jungle,Bot,Support,Top,Jungle,Support,Mid,Bot,Top,SB,http://matchhistory.na.leagueoflegends.com/en/#match-details/ESPORTSTMNT03/1533027?gameHash=57c7c71987527a99,https://youtu.be/myCz7BxvKsw?t=14
Finals,Suning,DAMWON Gaming,2-1月,2,10.19,Twisted Fate,Camille,Ashe,Renekton,Lucian,Leona,Nidalee,"Jhin, Syndra","Akali, Jax",Graves,Bard,Lulu,Thresh,Pantheon,Kennen,"Alistar, Ezreal",Braum,Jungle,Mid,Top,Support,Bot,Bot,Mid,Jungle,Top,Support,SB,http://matchhistory.na.leagueoflegends.com/en/#match-details/ESPORTSTMNT03/1533026?gameHash=d4e6034af1d5d7b0,https://youtu.be/JsPF3ZaIXdU?t=28
Finals,DAMWON Gaming,Suning,1-1月,2,10.19,Camille,Nidalee,Sylas,Twisted Fate,Graves,Ashe,Lucian,"Jhin, Syndra","Evelynn, Ornn",Leona,Senna,Lee Sin,Draven,Wukong,Rengar,"Aphelios, Thresh",Fiora,Mid,Jungle,Top,Bot,Support,Bot,Mid,Support,Jungle,Top,SB,http://matchhistory.na.leagueoflegends.com/en/#match-details/ESPORTSTMNT03/1533025?gameHash=0e76cc6aa34c5281,https://youtu.be/u8Sy6rQ8Yf8?t=7
Finals,DAMWON Gaming,Suning,1 - 0,1,10.19,Camille,Nidalee,Syndra,Lucian,Jhin,Twisted Fate,Graves,"Ezreal, Leona","Ornn, Orianna",Azir,Thresh,Jarvan IV,Caitlyn,Gangplank,Shen,"Ashe, Pantheon",Wukong,Jungle,Top,Mid,Bot,Support,Bot,Support,Mid,Jungle,Top,SB,http://matchhistory.na.leagueoflegends.com/en/#match-details/ESPORTSTMNT03/1533024?gameHash=acbc85ab00c44349,https://youtu.be/ulboa1kHp8U?t=1533
Semifinals,Suning,Top Esports,1-3月,1,10.19,Lucian,Camille,Syndra,Nidalee,Caitlyn,Azir,Ezreal,"Orianna, Graves","Leona, Akali",Ornn,Gangplank,Senna,Shen,Jhin,Ashe,"Jax, Jarvan IV",Tahm Kench,Bot,Support,Mid,Top,Jungle,Mid,Jungle,Top,Bot,Support,SB,http://matchhistory.na.leagueoflegends.com/en/#match-details/ESPORTSTMNT03/1532935?gameHash=392f56bf8f4ca710,https://youtu.be/xOQS1_cXcxM?t=202
Semifinals,Top Esports,Suning,2-1月,2,10.19,Camille,Lucian,Kindred,Syndra,Graves,Nidalee,Lee Sin,"Ezreal, Orianna","Caitlyn, Lux",Leona,Azir,Jarvan IV,Sylas,Ornn,Shen,"Ekko, Renekton",Jax,Jungle,Bot,Support,Mid,Top,Bot,Mid,Support,Jungle,Top,SB,http://matchhistory.na.leagueoflegends.com/en/#match-details/ESPORTSTMNT03/1532930?gameHash=eedf4a44b26517a8,https://youtu.be/ZAbkO7UUpQQ?t=129
Semifinals,Suning,Top Esports,1-1月,2,10.19,Lucian,Camille,Caitlyn,Nidalee,Syndra,Graves,Jhin,"Lee Sin, Ezreal","Zoe, Kindred",Orianna,Thresh,Yuumi,Pantheon,Vladimir,Leona,"Ornn, Bard",Gangplank,Bot,Mid,Jungle,Top,Support,Jungle,Bot,Mid,Support,Top,SB,http://matchhistory.na.leagueoflegends.com/en/#match-details/ESPORTSTMNT03/1532929?gameHash=31b996c20f2f5ead,https://youtu.be/ZIZNXOd8kxQ?t=94
Semifinals,Top Esports,Suning,0 - 1,2,10.19,Camille,Lucian,Kindred,Syndra,Graves,Nidalee,Jhin,"Lee Sin, Ezreal","Sett, Orianna",Azir,Thresh,Leona,Ornn,Bard,Rakan,"Pantheon, Jayce",Wukong,Bot,Jungle,Mid,Support,Top,Jungle,Bot,Mid,Support,Top,SB,http://matchhistory.na.leagueoflegends.com/en/#match-details/ESPORTSTMNT03/1532920?gameHash=6ef6a513a4bf75a3,https://youtu.be/6RV6sQyGPl4?t=35
Semifinals,DAMWON Gaming,G2 Esports,1-3月,1,10.19,Shen,Lucian,Syndra,Nidalee,Jhin,Ashe,Twisted Fate,"Sylas, Graves","Kindred, Caitlyn",Ornn,Camille,Tahm Kench,Lulu,Pantheon,Senna,"Sett, Braum",Nautilus,Mid,Jungle,Bot,Top,Support,Mid,Jungle,Top,Bot,Support,SB,http://matchhistory.na.leagueoflegends.com/en/#match-details/ESPORTSTMNT03/1552621?gameHash=dff0029fa4b666a5,https://youtu.be/B_tR-yTqw3k?t=198
Semifinals,G2 Esports,DAMWON Gaming,2-1月,2,10.19,Camille,Ornn,Nidalee,Volibear,Lucian,Sylas,Jhin,"Graves, Syndra","Kindred, Akali",Ashe,Bard,Renekton,Tahm Kench,Sett,Lulu,"Pantheon, Sion",Leona,Bot,Jungle,Mid,Support,Top,Jungle,Mid,Bot,Top,Support,SB,http://matchhistory.na.leagueoflegends.com/en/#match-details/ESPORTSTMNT03/1552620?gameHash=e63a2b2ed43f9dd0,https://youtu.be/bICVGiqIlBU?t=122
Semifinals,DAMWON Gaming,G2 Esports,1-1月,2,10.19,Shen,Lucian,Syndra,Nidalee,Jhin,Lillia,Graves,"Twisted Fate, Kindred","Ashe, Sylas",Camille,Renekton,Caitlyn,Pantheon,Tahm Kench,Leona,"Sett, Fiora",Ezreal,Jungle,Bot,Mid,Support,Top,Mid,Jungle,Top,Support,Bot,SB,http://matchhistory.na.leagueoflegends.com/en/#match-details/ESPORTSTMNT03/1552617?gameHash=e950b38f5ff15dfc,https://youtu.be/qx-L0IcBMvI?t=44
Semifinals,G2 Esports,DAMWON Gaming,0 - 1,2,10.19,Camille,Ornn,Nidalee,Volibear,Syndra,Shen,Lucian,"Jhin, Twisted Fate","Lillia, Renekton",Hecarim,Ashe,Kennen,Tahm Kench,Pantheon,Gangplank,"Sylas, Rakan",Leona,Bot,Jungle,Top,Mid,Support,Bot,Mid,Jungle,Top,Support,SB,http://matchhistory.na.leagueoflegends.com/en/#match-details/ESPORTSTMNT03/1552615?gameHash=95af478d0ede5bc8,https://youtu.be/F9PZIypclmA?t=233
Quarterfinals,G2 Esports,Gen.G,3 - 0,1,10.19,Sett,Ornn,Kalista,Lillia,Nidalee,Lucian,Graves,"Twisted Fate, Kindred","Jhin, Sylas",Ezreal,Nautilus,Karma,Pantheon,Gragas,Tahm Kench,"Rakan, Renekton",Volibear,Jungle,Bot,Mid,Support,Top,Mid,Jungle,Bot,Support,Top,SB,http://matchhistory.na.leagueoflegends.com/en/#match-details/ESPORTSTMNT03/1532722?gameHash=ca88ed2a2ff0c3c5,https://youtu.be/sZ_dmTXMn4s?t=193
Quarterfinals,Gen.G,G2 Esports,0 - 2,2,10.19,Syndra,Sett,Ornn,Lucian,Graves,Renekton,Camille,"Lillia, Shen","Nidalee, Twisted Fate",Sylas,Kalista,Pantheon,Senna,Thresh,Jhin,"Ashe, Leona",Tahm Kench,Top,Jungle,Mid,Bot,Support,Jungle,Top,Mid,Bot,Support,SB,http://matchhistory.na.leagueoflegends.com/en/#match-details/ESPORTSTMNT03/1532721?gameHash=f5d175dd6698e858,https://youtu.be/JmvomX6larM?t=102
Quarterfinals,Gen.G,G2 Esports,0 - 1,2,10.19,Syndra,Sett,Ornn,Lucian,Graves,Renekton,Lillia,"Camille, Nidalee","Volibear, Kalista",Twisted Fate,Gragas,Ashe,Galio,Senna,Pantheon,"Taric, Azir",Jhin,Jungle,Top,Bot,Support,Mid,Top,Jungle,Mid,Support,Bot,SB,http://matchhistory.na.leagueoflegends.com/en/#match-details/ESPORTSTMNT03/1532710?gameHash=31ec0cdc04907462,https://youtu.be/4TjOoy_fupE?t=70
Quarterfinals,Fnatic,Top Esports,3-2月,2,10.19,Syndra,Lucian,Sett,Orianna,Lulu,Graves,Senna,"Ezreal, Lee Sin","Rakan, Twisted Fate",Sylas,Kindred,Yuumi,Camille,Sion,Leona,"Gangplank, Gragas",Vladimir,Bot,Support,Mid,Top,Jungle,Bot,Jungle,Mid,Support,Top,SB,http://matchhistory.na.leagueoflegends.com/en/#match-details/ESPORTSTMNT03/1552438?gameHash=3762217f675fa4f3,https://youtu.be/QXcfiDFgthY?t=40
Quarterfinals,Fnatic,Top Esports,2-2月,2,10.19,Syndra,Orianna,Sylas,Twisted Fate,Ezreal,Lucian,Graves,"Senna, Nidalee","Ashe, Sett",Tahm Kench,Braum,Renekton,Rakan,Camille,Jayce,"Ornn, Galio",Sion,Jungle,Bot,Support,Top,Mid,Bot,Jungle,Support,Mid,Top,SB,http://matchhistory.na.leagueoflegends.com/en/#match-details/ESPORTSTMNT03/1552437?gameHash=470a7b68d0d37f8a,https://youtu.be/XZlSgg5DYIo?t=31
Quarterfinals,Top Esports,Fnatic,2-1月,1,10.19,Twisted Fate,Syndra,Graves,Lucian,Leona,Sett,Orianna,"Jhin, Ornn","Sion, Ezreal",Rakan,Yuumi,Akali,Bard,Kindred,Vel'Koz,"Lee Sin, Karma",Kha'Zix,Mid,Top,Bot,Jungle,Support,Bot,Top,Support,Mid,Jungle,SB,http://matchhistory.na.leagueoflegends.com/en/#match-details/ESPORTSTMNT03/1552434?gameHash=cb356d2acebc8140,https://youtu.be/NZo7pXcnE-M?t=44
Quarterfinals,Top Esports,Fnatic,0 - 2,2,10.19,Rakan,Syndra,Twisted Fate,Lucian,Graves,Sett,Senna,"Ashe, Orianna","Tahm Kench, Sylas",Braum,Camille,Volibear,Vladimir,Hecarim,Ornn,"Gangplank, Jarvan IV",Kindred,Bot,Support,Mid,Top,Jungle,Bot,Mid,Support,Top,Jungle,SB,http://matchhistory.na.leagueoflegends.com/en/#match-details/ESPORTSTMNT03/1552433?gameHash=cd4ef491969b9952,https://youtu.be/NJPbzf06Wgg?t=10
Quarterfinals,Top Esports,Fnatic,0 - 1,2,10.19,Volibear,Syndra,Twisted Fate,Lucian,Orianna,Sett,Graves,"Senna, Kindred","Ezreal, Zoe",Galio,Yuumi,Shen,Bard,Camille,Rakan,"Leona, Ornn",Singed,Jungle,Bot,Mid,Support,Top,Bot,Jungle,Mid,Support,Top,SB,http://matchhistory.na.leagueoflegends.com/en/#match-details/ESPORTSTMNT03/1552420?gameHash=a24558c524110124,https://youtu.be/oXEFwheiX9U?t=109
Quarterfinals,JD Gaming,Suning,3-1月,2,10.19,Camille,Ornn,Gangplank,Nidalee,Syndra,Lucian,Graves,"Zoe, Jhin","Twisted Fate, Renekton",Kindred,Caitlyn,Leona,Aphelios,Bard,Thresh,"Ashe, Blitzcrank",Volibear,Jungle,Mid,Top,Bot,Support,Mid,Bot,Jungle,Support,Top,SB,http://matchhistory.na.leagueoflegends.com/en/#match-details/ESPORTSTMNT03/1552386?gameHash=9cdd2a8f2a8bccc7,https://youtu.be/2jaQM0BLhKg?t=23
Quarterfinals,JD Gaming,Suning,2-1月,2,10.19,Camille,Ornn,Syndra,Lucian,Graves,Nidalee,Twisted Fate,"Jhin, Kindred","Lillia, Ezreal",Galio,Renekton,Jax,Leona,Nautilus,Bard,"Volibear, Pantheon",Gangplank,Mid,Jungle,Bot,Top,Support,Bot,Jungle,Mid,Support,Top,SB,http://matchhistory.na.leagueoflegends.com/en/#match-details/ESPORTSTMNT03/1552382?gameHash=3965bb5b8f141dac,https://youtu.be/3wnTs--Cdsw?t=68
Quarterfinals,Suning,JD Gaming,1-1月,1,10.19,Ornn,Camille,Twisted Fate,Syndra,Lucian,Nidalee,Graves,"Renekton, Lillia","Zoe, Jhin",Galio,Kennen,Bard,Tahm Kench,Caitlyn,Miss Fortune,"Leona, Gangplank",Sett,Jungle,Mid,Bot,Support,Top,Top,Jungle,Mid,Bot,Support,SB,http://matchhistory.na.leagueoflegends.com/en/#match-details/ESPORTSTMNT03/1552374?gameHash=e4869b13cab9310e,https://youtu.be/jYaPWKd7lM4?t=99
Quarterfinals,Suning,JD Gaming,0 - 1,2,10.19,Ornn,Camille,Twisted Fate,Syndra,Lucian,Nidalee,Graves,"Renekton, Lillia","Gangplank, Galio",Zoe,Ezreal,Caitlyn,Ashe,Pantheon,Jhin,"Miss Fortune, Bard",Leona,Jungle,Top,Mid,Bot,Support,Top,Jungle,Mid,Bot,Support,SB,http://matchhistory.na.leagueoflegends.com/en/#match-details/ESPORTSTMNT03/1552364?gameHash=0b348914f66a0431,https://youtu.be/qXxN3uE8024?t=84
Quarterfinals,DRX,DAMWON Gaming,0 - 3,2,10.19,Syndra,Lucian,Camille,Caitlyn,Nidalee,Twisted Fate,Graves,"Ornn, Kindred","Vladimir, Senna",Orianna,Azir,Aphelios,Tahm Kench,Ezreal,Pantheon,"Braum, Vel'Koz",Ashe,Jungle,Top,Bot,Support,Mid,Top,Jungle,Mid,Support,Bot,SB,http://matchhistory.na.leagueoflegends.com/en/#match-details/ESPORTSTMNT03/1552301?gameHash=dcce6e23cf370b6c,https://youtu.be/jOlpRkj2gYY?t=104
Quarterfinals,DRX,DAMWON Gaming,0 - 2,2,10.19,Syndra,Lucian,Camille,Caitlyn,Lillia,Renekton,Nidalee,"Graves, Twisted Fate","Galio, Senna",Ornn,Sett,Kalista,Pantheon,Ezreal,Thresh,"Tahm Kench, Jax",Aphelios,Jungle,Mid,Bot,Support,Top,Jungle,Mid,Top,Support,Bot,SB,http://matchhistory.na.leagueoflegends.com/en/#match-details/ESPORTSTMNT03/1552298?gameHash=18ec8bd7304f8534,https://youtu.be/kBgH6whWIsE?t=5
Quarterfinals,DAMWON Gaming,DRX,1 - 0,1,10.19,Shen,Nidalee,Galio,Twisted Fate,Lillia,Lucian,Graves,"Kindred, Caitlyn","Jhin, Syndra",Orianna,Pantheon,Ornn,Blitzcrank,Lux,Lulu,"Kennen, Leona",Jayce,Jungle,Bot,Mid,Top,Support,Jungle,Bot,Mid,Support,Top,SB,http://matchhistory.na.leagueoflegends.com/en/#match-details/ESPORTSTMNT03/1552288?gameHash=b7a1359a4315bc49,https://youtu.be/CTxK2tDyWkU?t=172
Tiebreakers,Suning,G2 Esports,1 - 0,1,10.19,Ornn,Nidalee,Shen,Twisted Fate,Lucian,Camille,Graves,"Syndra, Lillia","Ashe, Gangplank",Sett,Ekko,Kalista,Bard,Ezreal,Sion,"Akali, Leona",Senna,Jungle,Bot,Top,Mid,Support,Mid,Jungle,Support,Top,Bot,SB,http://matchhistory.na.leagueoflegends.com/en/#match-details/ESPORTSTMNT03/1551948?gameHash=3ca651565294c0ac,https://youtu.be/axOEj4MmB7E?t=52
Day 8,DRX,Top Esports,0 - 1,2,10.19,Syndra,Lucian,Renekton,Twisted Fate,Lillia,Nidalee,Caitlyn,"Ashe, Graves","Kindred, Galio",Orianna,Camille,Blitzcrank,Lux,Morgana,Lulu,"Ornn, Bard",Vladimir,Bot,Jungle,Mid,Top,Support,Bot,Jungle,Mid,Support,Top,SB,http://matchhistory.na.leagueoflegends.com/en/#match-details/ESPORTSTMNT03/1532374?gameHash=c6fafd55609586f7,https://youtu.be/S3Wz6AtDFa4?t=10
Day 8,Unicorns Of Love.CIS,FlyQuest,0 - 1,2,10.19,Shen,Lucian,Ashe,Nidalee,Volibear,Swain,Graves,"Jhin, Lillia","Twitch, Kassadin",Renekton,Ornn,Irelia,Rakan,Syndra,Vayne,"Malphite, Lulu",Blitzcrank,Jungle,Bot,Mid,Top,Support,Bot,Jungle,Top,Mid,Support,SB,http://matchhistory.na.leagueoflegends.com/en/#match-details/ESPORTSTMNT03/1532371?gameHash=c67d1a19f40196ce,https://youtu.be/DfdfGiCqAtE?t=50
Day 8,Top Esports,FlyQuest,0 - 1,2,10.19,Shen,Lucian,Renekton,Nidalee,Syndra,Senna,Graves,"Ashe, Lillia","Caitlyn, Lux",Blitzcrank,Ornn,Volibear,Camille,Orianna,Azir,"Galio, Urgot",Gnar,Jungle,Bot,Support,Mid,Top,Bot,Jungle,Support,Mid,Top,SB,http://matchhistory.na.leagueoflegends.com/en/#match-details/ESPORTSTMNT03/1532365?gameHash=abf050be1e0cdae6,https://youtu.be/3AmYj_omWWA?t=272
Day 8,DRX,Unicorns Of Love.CIS,1 - 0,1,10.19,Swain,Nidalee,Blitzcrank,Kindred,Kalista,Twisted Fate,Graves,"Lucian, Lillia","Orianna, Caitlyn",Camille,Renekton,Ashe,Lux,Jhin,Ziggs,"Ornn, Lulu",Nautilus,Jungle,Mid,Bot,Top,Support,Mid,Jungle,Top,Bot,Support,SB,http://matchhistory.na.leagueoflegends.com/en/#match-details/ESPORTSTMNT03/1532359?gameHash=8f52aa028a570b73,https://youtu.be/JJ9eyq5kLHo?t=277
Day 8,Unicorns Of Love.CIS,Top Esports,0 - 1,2,10.19,Jax,Swain,Gragas,Nidalee,Renekton,Camille,Lucian,"Syndra, Ashe","Lillia, Nautilus",Graves,Orianna,Ornn,Karthus,Pantheon,Lulu,"Wukong, Ziggs",Sion,Mid,Jungle,Support,Top,Bot,Mid,Bot,Jungle,Support,Top,SB,http://matchhistory.na.leagueoflegends.com/en/#match-details/ESPORTSTMNT03/1532355?gameHash=fde2d0acba28eb45,https://youtu.be/_vmk8_zSYPo?t=35
Day 8,FlyQuest,DRX,0 - 1,2,10.19,Twisted Fate,Lucian,Nidalee,Syndra,Caitlyn,Volibear,Graves,"Lillia, Senna","Jhin, Ornn",Jayce,Orianna,Sylas,Kassadin,Tahm Kench,Galio,"Thresh, Azir",Pantheon,Jungle,Bot,Top,Support,Mid,Jungle,Bot,Top,Mid,Support,SB,http://matchhistory.na.leagueoflegends.com/en/#match-details/ESPORTSTMNT03/1532345?gameHash=4125372c4a501f1a,https://youtu.be/nPUTJR8eHIE?t=182
Day 7,Gen.G,Fnatic,1 - 0,1,10.19,Evelynn,Sett,Volibear,Twisted Fate,Ornn,Kalista,Lucian,"Senna, Graves","Nidalee, Renekton",Leona,Ezreal,Syndra,Tahm Kench,Orianna,Malphite,"Aphelios, Taric",Lulu,Mid,Jungle,Top,Bot,Support,Bot,Jungle,Support,Top,Mid,SB,http://matchhistory.na.leagueoflegends.com/en/#match-details/ESPORTSTMNT03/1532304?gameHash=15ea3ffc47d78a21,https://youtu.be/aRTnId08x-c?t=88
Day 7,LGD Gaming,TSM,1 - 0,1,10.19,Caitlyn,Twisted Fate,Syndra,Lucian,Ornn,Renekton,Orianna,"Zilean, Graves","Nidalee, Pantheon",Camille,Jax,Tahm Kench,Volibear,Leona,Ashe,"Jhin, Shen",Braum,Mid,Jungle,Support,Bot,Top,Mid,Jungle,Top,Bot,Support,SB,http://matchhistory.na.leagueoflegends.com/en/#match-details/ESPORTSTMNT03/1532298?gameHash=ea28927f3383133a,https://youtu.be/1m8UZkwfX6s?t=53
Day 7,Fnatic,LGD Gaming,1 - 0,1,10.19,Twisted Fate,Lucian,Ornn,Evelynn,Kindred,Syndra,Orianna,"Senna, Graves","Volibear, Leona",Zoe,Lillia,Tahm Kench,Jhin,Thresh,Nautilus,"Ashe, Hecarim",Renekton,Mid,Top,Support,Bot,Jungle,Bot,Jungle,Mid,Support,Top,SB,http://matchhistory.na.leagueoflegends.com/en/#match-details/ESPORTSTMNT03/1532290?gameHash=36a03d5f60ceb649,https://youtu.be/1E3F64nKLTs?t=40
Day 7,TSM,Gen.G,0 - 1,2,10.19,Sett,Caitlyn,Kalista,Twisted Fate,Renekton,Camille,Lucian,"Senna, Ornn","Lillia, Volibear",Graves,Bard,Syndra,Braum,Leona,Orianna,"Aphelios, Thresh",Tahm Kench,Mid,Jungle,Top,Bot,Support,Bot,Top,Jungle,Mid,Support,SB,http://matchhistory.na.leagueoflegends.com/en/#match-details/ESPORTSTMNT03/1532287?gameHash=831ff255b5fe950c,https://youtu.be/9jPk3uHwxIg?t=13
Day 7,LGD Gaming,Gen.G,0 - 1,2,10.19,Kalista,Ornn,Sett,Twisted Fate,Lucian,Graves,Renekton,"Senna, Nidalee","Lillia, Orianna",Volibear,Leona,Syndra,Ezreal,Zoe,Azir,"Jhin, Pantheon",Tahm Kench,Top,Jungle,Mid,Bot,Support,Bot,Jungle,Top,Mid,Support,SB,http://matchhistory.na.leagueoflegends.com/en/#match-details/ESPORTSTMNT03/1532280?gameHash=f571a753ea483091,https://youtu.be/TUCBq9RcVcQ?t=25
Day 7,Fnatic,TSM,1 - 0,1,10.19,Twisted Fate,Lucian,Caitlyn,Evelynn,Sett,Thresh,Graves,"Nidalee, Camille","Orianna, Senna",Galio,Ornn,Ezreal,Renekton,Rakan,Leona,"Braum, Volibear",Jhin,Jungle,Mid,Bot,Support,Top,Jungle,Top,Mid,Support,Bot,SB,http://matchhistory.na.leagueoflegends.com/en/#match-details/ESPORTSTMNT03/1532272?gameHash=2eaf6e94e8574f25,https://youtu.be/XjRGdwgmfvQ?t=50
Day 6,JD Gaming,DAMWON Gaming,1 - 0,1,10.19,Akali,Lucian,Pantheon,Caitlyn,Nidalee,Renekton,Camille,"Sett, Graves","Twisted Fate, Lillia",Galio,Ezreal,Leona,Senna,Ashe,Kalista,"Miss Fortune, Bard",Alistar,Top,Mid,Jungle,Bot,Support,Top,Jungle,Mid,Bot,Support,SB,http://matchhistory.na.leagueoflegends.com/en/#match-details/ESPORTSTMNT03/1532251?gameHash=fadde97aa7050178,https://youtu.be/pc2evGr2D4Q?t=40
Day 6,PSG Talon,Rogue (European Team),1 - 0,1,10.19,Hecarim,Twisted Fate,Nidalee,Lucian,Shen,MISSING DATA,Ornn,"Orianna, Lillia","Graves, Syndra",Irelia,Twitch,Pantheon,Alistar,Sett,Senna,"Aphelios, Thresh",Braum,Top,Jungle,Mid,Bot,Support,Mid,Jungle,Top,Bot,Support,SB,http://matchhistory.na.leagueoflegends.com/en/#match-details/ESPORTSTMNT03/1532242?gameHash=596b905b60189dff,https://youtu.be/JZ99qLlfynU?t=58
Day 6,JD Gaming,PSG Talon,0 - 1,2,10.19,Twisted Fate,Sett,Kalista,Lucian,Orianna,Nidalee,Graves,"Syndra, Ornn","Kayle, Galio",Kindred,Pantheon,Senna,Bard,Twitch,Caitlyn,"Ezreal, Karma",Lux,Jungle,Top,Mid,Bot,Support,Mid,Top,Jungle,Bot,Support,SB,http://matchhistory.na.leagueoflegends.com/en/#match-details/ESPORTSTMNT03/1532233?gameHash=8115781c44e0aed1,https://youtu.be/VjiAg1msLYk?t=14
Day 6,DAMWON Gaming,Rogue (European Team),1 - 0,1,10.19,Ornn,Camille,Renekton,Pantheon,Lucian,Nidalee,Graves,"Ashe, Lillia","Senna, Twisted Fate",Ryze,Bard,Gangplank,Alistar,Sett,Nautilus,"Leona, Kennen",Sion,Jungle,Bot,Mid,Support,Top,Bot,Jungle,Mid,Support,Top,SB,http://matchhistory.na.leagueoflegends.com/en/#match-details/ESPORTSTMNT03/1532231?gameHash=9769415fb51da065,https://youtu.be/B8aP9n2RVzw?t=38
Day 6,Rogue (European Team),JD Gaming,0 - 1,2,10.19,Twisted Fate,Irelia,Caitlyn,Akali,Nidalee,Lucian,Ornn,"Sett, Sylas","Graves, Orianna",Ekko,Ashe,Ezreal,Senna,Twitch,Jhin,"Kalista, Pantheon",Camille,Top,Jungle,Mid,Bot,Support,Support,Jungle,Mid,Bot,Top,SB,http://matchhistory.na.leagueoflegends.com/en/#match-details/ESPORTSTMNT03/1532217?gameHash=a877619ac27f3ace,https://youtu.be/EgpSKQDOtGQ?t=74
Day 6,PSG Talon,DAMWON Gaming,0 - 1,2,10.19,Twisted Fate,Senna,Camille,Lucian,Nidalee,Orianna,Ashe,"Ornn, Graves","Kindred, Syndra",Jhin,Lulu,Akali,Sylas,Pantheon,Ekko,"Gangplank, Tahm Kench",Bard,Bot,Jungle,Mid,Top,Support,Top,Jungle,Bot,Mid,Support,SB,http://matchhistory.na.leagueoflegends.com/en/#match-details/ESPORTSTMNT03/1532201?gameHash=731fdcc48d653105,https://youtu.be/WdfCzSLvz58?t=103
Day 5,Suning,G2 Esports,1 - 0,1,10.19,Ornn,Nidalee,Shen,Twisted Fate,Lucian,Galio,Syndra,"Graves, Ekko","Camille, Ezreal",Renekton,Lee Sin,Ashe,Rakan,Thresh,Senna,"Bard, Jarvan IV",Kalista,Mid,Top,Bot,Support,Jungle,Jungle,Mid,Top,Support,Bot,SB,http://matchhistory.na.leagueoflegends.com/en/#match-details/ESPORTSTMNT03/1551941?gameHash=4590477d68f553a9,https://youtu.be/N5VjNv6bD50?t=362
Day 5,Team Liquid,Machi Esports,1 - 0,1,10.19,Volibear,Sett,Camille,Twitch,Lucian,Graves,Syndra,"Ornn, Lee Sin","Shen, Lillia",Kassadin,Kalista,Tahm Kench,Caitlyn,Ezreal,Ashe,"Pantheon, Senna",Bard,Mid,Top,Jungle,Support,Bot,Top,Jungle,Mid,Bot,Support,SB,http://matchhistory.na.leagueoflegends.com/en/#match-details/ESPORTSTMNT03/1551936?gameHash=392bf085aba755b7,https://youtu.be/Hzc7rofMuXo?t=44
Day 5,Suning,Team Liquid,0 - 1,2,10.19,Ornn,Renekton,Shen,Camille,Kalista,Nidalee,Graves,"Sett, Lillia","Twisted Fate, Jayce",Malphite,Ezreal,Syndra,Caitlyn,Orianna,Jhin,"Senna, Tahm Kench",Bard,Jungle,Mid,Top,Bot,Support,Mid,Jungle,Top,Bot,Support,SB,http://matchhistory.na.leagueoflegends.com/en/#match-details/ESPORTSTMNT03/1551926?gameHash=d6a0b78c3cf991c8,https://youtu.be/uo9Rd8rFpa0?t=279
Day 5,G2 Esports,Machi Esports,1 - 0,1,10.19,Volibear,Camille,Syndra,Twisted Fate,Sett,Nidalee,Lucian,"Ornn, Graves","Lillia, Shen",Orianna,Caitlyn,Ashe,Twitch,Leona,Ezreal,"Jhin, Rakan",Alistar,Mid,Jungle,Top,Bot,Support,Top,Jungle,Mid,Bot,Support,SB,http://matchhistory.na.leagueoflegends.com/en/#match-details/ESPORTSTMNT03/1551921?gameHash=56d1706cc003fab9,https://youtu.be/PqJ0V0LtNPU?t=81
Day 5,Machi Esports,Suning,0 - 1,2,10.19,Nidalee,Ornn,Camille,Renekton,Lillia,Twisted Fate,Syndra,"Galio, Graves","Volibear, Ashe",Bard,Karma,Ezreal,Tahm Kench,Wukong,Jhin,"Jayce, Nautilus",Irelia,Mid,Jungle,Bot,Top,Support,Mid,Jungle,Support,Bot,Top,SB,http://matchhistory.na.leagueoflegends.com/en/#match-details/ESPORTSTMNT03/1551915?gameHash=d06acd62bd02c346,https://youtu.be/WvZyuduKMYY?t=48
Day 5,Team Liquid,G2 Esports,0 - 1,2,10.19,Camille,Ornn,Lucian,Graves,Twisted Fate,Lillia,Sett,"Volibear, Ashe","Kalista, Syndra",Ekko,Lee Sin,Nidalee,Kindred,Irelia,Tahm Kench,"Lulu, Hecarim",Sylas,Support,Bot,Mid,Top,Jungle,Jungle,Bot,Mid,Support,Top,SB,http://matchhistory.na.leagueoflegends.com/en/#match-details/ESPORTSTMNT03/1551906?gameHash=43af3f5d7caa9576,https://youtu.be/XkSlkhWATzM?t=99
Day 4,TSM,LGD Gaming,0 - 1,2,10.19,Kindred,Lucian,Nidalee,Caitlyn,Ornn,Twisted Fate,Graves,"Renekton, Senna","Shen, LeBlanc",Lillia,Twitch,Leona,Jhin,Sylas,Orianna,"Ezreal, Bard",Nautilus,Jungle,Top,Mid,Bot,Support,Top,Bot,Jungle,Mid,Support,SB,http://matchhistory.na.leagueoflegends.com/en/#match-details/ESPORTSTMNT03/1551839?gameHash=1a65d691a11d5a2f,https://youtu.be/6WrcsWD0H1U?t=360
Day 4,Fnatic,Gen.G,1 - 0,1,10.19,Kalista,Lucian,Sett,Thresh,Twisted Fate,Evelynn,Ornn,"Renekton, Nidalee","Graves, Senna",Ezreal,Nautilus,Pantheon,Syndra,Karma,Rakan,"Leona, Orianna",Azir,Top,Jungle,Bot,Support,Mid,Top,Jungle,Bot,Support,Mid,SB,http://matchhistory.na.leagueoflegends.com/en/#match-details/ESPORTSTMNT03/1551831?gameHash=df21732c8db3805b,https://youtu.be/koIZaUxyKrE?t=50
Day 4,Top Esports,Unicorns Of Love.CIS,1 - 0,1,10.19,Swain,Nidalee,Kassadin,Caitlyn,Renekton,Ashe,Lucian,"Syndra, Camille","Gragas, Jax",Karthus,Leona,Twitch,Pantheon,Alistar,Nautilus,"Senna, Tahm Kench",Lee Sin,Mid,Jungle,Top,Bot,Support,Mid,Top,Bot,Support,Jungle,SB,http://matchhistory.na.leagueoflegends.com/en/#match-details/ESPORTSTMNT03/1551821?gameHash=b5bd69c62b6b2dad,https://youtu.be/8UYGNcMlLiw?t=254
Day 4,DRX,FlyQuest,1 - 0,1,10.19,Syndra,Lucian,Volibear,Twisted Fate,Renekton,Nidalee,Caitlyn,"Ashe, Graves","Kindred, Lux",Ornn,Sylas,Blitzcrank,Camille,Nautilus,Pantheon,"Maokai, Zoe",Orianna,Bot,Jungle,Support,Top,Mid,Bot,Jungle,Top,Support,Mid,SB,http://matchhistory.na.leagueoflegends.com/en/#match-details/ESPORTSTMNT03/1551814?gameHash=7229599904bd9388,https://youtu.be/JV22iqbLd24?t=46
Day 4,Suning,Machi Esports,1 - 0,1,10.19,Ornn,Twisted Fate,Graves,Camille,Renekton,Lucian,Nidalee,"Volibear, Ashe","Jax, Syndra",Shen,Senna,Akali,Leona,Kassadin,Azir,"Ezreal, Bard",Rakan,Jungle,Top,Mid,Bot,Support,Jungle,Bot,Top,Mid,Support,SB,http://matchhistory.na.leagueoflegends.com/en/#match-details/ESPORTSTMNT03/1551806?gameHash=a6c1bc700030c06d,https://youtu.be/8WZGFHeZtCU?t=32
Day 4,G2 Esports,Team Liquid,0 - 1,2,10.19,Mordekaiser,Lucian,Ornn,Camille,Shen,Twisted Fate,Renekton,"Volibear, Graves","Nidalee, Ashe",Kalista,Tahm Kench,Leona,Pantheon,Syndra,Sett,"Alistar, Jayce",Orianna,Top,Jungle,Bot,Support,Mid,Top,Jungle,Bot,Support,Mid,SB,http://matchhistory.na.leagueoflegends.com/en/#match-details/ESPORTSTMNT03/1551799?gameHash=21aa0ed931152a44,https://youtu.be/onybrPhBR_I?t=49
Day 3,Top Esports,DRX,1 - 0,1,10.19,Lillia,Lucian,Caitlyn,Syndra,Graves,Ashe,Nidalee,"Twisted Fate, Lee Sin","Renekton, Senna",Quinn,Galio,Ezreal,Orianna,Kalista,Draven,"Nocturne, Tahm Kench",Thresh,Jungle,Top,Bot,Mid,Support,Mid,Jungle,Top,Bot,Support,SB,http://matchhistory.na.leagueoflegends.com/en/#match-details/ESPORTSTMNT03/1551775?gameHash=a3365ff6965a314b,https://youtu.be/UzC-_52as98?t=294
Day 3,FlyQuest,Unicorns Of Love.CIS,1 - 0,1,10.19,Nidalee,Shen,Camille,Ashe,Swain,Caitlyn,Renekton,"Orianna, Graves","Volibear, Syndra",Ornn,Ezreal,Twitch,Jhin,Lucian,Senna,"Miss Fortune, Rakan",Tahm Kench,Top,Jungle,Mid,Bot,Support,Mid,Jungle,Top,Bot,Support,SB,http://matchhistory.na.leagueoflegends.com/en/#match-details/ESPORTSTMNT03/1551764?gameHash=b9620e4d92ac9c22,https://youtu.be/BiElFM-p_w4?t=45
Day 3,JD Gaming,Rogue (European Team),1 - 0,1,10.19,Irelia,Twisted Fate,Akali,Lucian,Shen,Camille,Renekton,"Nidalee, Volibear","Lillia, Zoe",Ashe,Ezreal,Syndra,Jhin,Lulu,Azir,"Caitlyn, Bard",Blitzcrank,Top,Jungle,Mid,Bot,Support,Jungle,Top,Bot,Mid,Support,SB,http://matchhistory.na.leagueoflegends.com/en/#match-details/ESPORTSTMNT03/1551755?gameHash=9b2193900935611c,https://youtu.be/w1pH98U9amo?t=23
Day 3,DAMWON Gaming,PSG Talon,1 - 0,1,10.19,Ornn,Camille,Renekton,Nidalee,Orianna,Lucian,Graves,"Kindred, Ashe","Senna, Syndra",Azir,Irelia,Bard,Wukong,Jayce,Lulu,"Thresh, Kennen",Nautilus,Jungle,Bot,Mid,Support,Top,Jungle,Bot,Mid,Top,Support,SB,http://matchhistory.na.leagueoflegends.com/en/#match-details/ESPORTSTMNT03/1551746?gameHash=6dad4a6151e8505b,https://youtu.be/8wUyP7LVPdw?t=74
Day 3,Team Liquid,Suning,0 - 1,2,10.19,Camille,Shen,Renekton,Ornn,Ashe,Twisted Fate,Syndra,"Nidalee, Galio","Twitch, Rakan",Draven,Mordekaiser,Wukong,Graves,Sett,Leona,"Lee Sin, Volibear",Jax,Mid,Bot,Support,Jungle,Top,Jungle,Mid,Bot,Support,Top,SB,http://matchhistory.na.leagueoflegends.com/en/#match-details/ESPORTSTMNT03/1551740?gameHash=399a91f7caff4219,https://youtu.be/jo08OwGnwyw?t=463
Day 3,Machi Esports,G2 Esports,0 - 1,2,10.19,Twisted Fate,Sett,Shen,Ornn,Lucian,Renekton,Graves,"Ashe, Nidalee","Syndra, Senna",Camille,Volibear,Leona,Wukong,Ekko,Galio,"Pantheon, Mordekaiser",Tahm Kench,Jungle,Mid,Bot,Support,Top,Bot,Jungle,Top,Mid,Support,SB,http://matchhistory.na.leagueoflegends.com/en/#match-details/ESPORTSTMNT03/1551729?gameHash=8ea67b0ac706101e,https://youtu.be/s6TkGcVlLQ0?t=37
Day 2,LGD Gaming,Fnatic,1 - 0,1,10.19,Evelynn,Twisted Fate,Lucian,Renekton,Shen,Leona,Ornn,"Graves, Syndra","Kindred, Ekko",Thresh,Ezreal,Volibear,Rakan,Gangplank,Jhin,"Miss Fortune, Nautilus",Sett,Top,Jungle,Mid,Bot,Support,Jungle,Mid,Support,Bot,Top,SB,http://matchhistory.na.leagueoflegends.com/en/#match-details/ESPORTSTMNT03/1551701?gameHash=a7ffdb83f7de1396,https://youtu.be/AhSGuSCYP_w?t=40
Day 2,Gen.G,TSM,1 - 0,1,10.19,Caitlyn,Kalista,Twisted Fate,Lucian,Ornn,Azir,Sett,"Renekton, Nidalee","Lillia, Volibear",Rakan,Zoe,Twitch,Ashe,Syndra,Senna,"Ezreal, Karma",Zilean,Mid,Jungle,Top,Bot,Support,Top,Jungle,Support,Bot,Mid,SB,http://matchhistory.na.leagueoflegends.com/en/#match-details/ESPORTSTMNT03/1551690?gameHash=6fb73716bb2f1093,https://youtu.be/fXhnVwl91BQ?t=107
Day 2,PSG Talon,JD Gaming,0 - 1,2,10.19,Lucian,Senna,Camille,Rakan,Nidalee,Twisted Fate,Ornn,"Sett, Ashe","Graves, Jhin",Sylas,Leona,Kindred,Thresh,Lillia,Pantheon,"Syndra, Bard",Ekko,Top,Jungle,Bot,Mid,Support,Top,Bot,Jungle,Support,Mid,SB,http://matchhistory.na.leagueoflegends.com/en/#match-details/ESPORTSTMNT03/1551682?gameHash=17b5d64b755be453,https://youtu.be/YXRyWpNDUb8?t=409
Day 2,Rogue (European Team),DAMWON Gaming,0 - 1,2,10.19,Twisted Fate,Lucian,Camille,Ornn,Nidalee,Renekton,Hecarim,"Ashe, Graves","Syndra, Kalista",Pantheon,Shen,Akali,Rakan,Vladimir,Sylas,"Gangplank, Taric",Lulu,Jungle,Mid,Bot,Top,Support,Bot,Jungle,Support,Mid,Top,SB,http://matchhistory.na.leagueoflegends.com/en/#match-details/ESPORTSTMNT03/1551672?gameHash=75545d324e8b50cc,https://youtu.be/CDG8wQVhP3o?t=40
Day 2,G2 Esports,Suning,1 - 0,1,10.19,Caitlyn,Shen,Nidalee,Lucian,Lillia,Ornn,Twisted Fate,"Renekton, Syndra","Graves, Volibear",Lee Sin,Kalista,Thresh,Twitch,Tahm Kench,Ashe,"Ezreal, Bard",Nautilus,Mid,Jungle,Top,Bot,Support,Top,Mid,Jungle,Bot,Support,SB,http://matchhistory.na.leagueoflegends.com/en/#match-details/ESPORTSTMNT03/1551661?gameHash=51b3b3e0f7637c53,https://youtu.be/kedHaPEaQQI?t=243
Day 2,Machi Esports,Team Liquid,1 - 0,1,10.19,Twisted Fate,Nidalee,Twitch,Sett,Shen,Ashe,Ornn,"Graves, Orianna","Volibear, Syndra",Mordekaiser,Nautilus,Rakan,Pantheon,Thresh,Caitlyn,"Ezreal, Karma",Lux,Top,Jungle,Mid,Bot,Support,Jungle,Mid,Top,Bot,Support,SB,http://matchhistory.na.leagueoflegends.com/en/#match-details/ESPORTSTMNT03/1551654?gameHash=53303cb81029cfd9,https://youtu.be/L7Q3UFwOHYM?t=150
Day 1,TSM,Fnatic,0 - 1,2,10.19,Thresh,Twisted Fate,Shen,Caitlyn,Gangplank,Renekton,Nidalee,"Lucian, Rakan","Camille, Syndra",Evelynn,Leona,Twitch,Lulu,Ornn,Volibear,"Senna, Alistar",Jhin,Jungle,Top,Mid,Bot,Support,Mid,Support,Jungle,Top,Bot,SB,http://matchhistory.na.leagueoflegends.com/en/#match-details/ESPORTSTMNT03/1551597?gameHash=93c36e7a8bc6a605,https://youtu.be/Vuf95U8bYQY?t=105
Day 1,Gen.G,LGD Gaming,1 - 0,1,10.19,Ornn,Kalista,Graves,Lillia,Twisted Fate,Nidalee,Lucian,"Renekton, Syndra","Gragas, Ashe",Kindred,Evelynn,Jhin,Zoe,Ezreal,Leona,"Volibear, Sett",Senna,Mid,Jungle,Bot,Top,Support,Top,Mid,Jungle,Support,Bot,SB,http://matchhistory.na.leagueoflegends.com/en/#match-details/ESPORTSTMNT03/1551583?gameHash=7a4670b91e48c3f6,https://youtu.be/CKx5mshVrmE?t=15
Day 1,DAMWON Gaming,JD Gaming,1 - 0,1,10.19,Ornn,Akali,Graves,Lucian,Renekton,Pantheon,Camille,"Ashe, Lillia","Nidalee, Twisted Fate",Volibear,Kalista,Sett,Senna,Thresh,Jayce,"Jhin, Leona",Nautilus,Top,Jungle,Mid,Bot,Support,Bot,Jungle,Top,Mid,Support,SB,http://matchhistory.na.leagueoflegends.com/en/#match-details/ESPORTSTMNT03/1551575?gameHash=35d6f77fd024e968,https://youtu.be/wGO6r9w27TY?t=546
Day 1,Rogue (European Team),PSG Talon,1 - 0,1,10.19,Twisted Fate,Hecarim,Nidalee,Lillia,Mordekaiser,Ornn,Lucian,"Graves, Renekton","Evelynn, Kalista",Senna,Gangplank,Syndra,Shen,Azir,Orianna,"Malphite, Rakan",Nautilus,Mid,Jungle,Bot,Top,Support,Jungle,Top,Bot,Mid,Support,SB,http://matchhistory.na.leagueoflegends.com/en/#match-details/ESPORTSTMNT03/1551557?gameHash=ced3b5fa68c024a6,https://youtu.be/Kjz8sQ41sSE?t=84
Day 1,Unicorns Of Love.CIS,DRX,0 - 1,2,10.19,Caitlyn,Swain,Lucian,Syndra,Sylas,Hecarim,Renekton,"Ashe, Nidalee","Evelynn, Jhin",Ornn,Braum,Irelia,Karma,Jayce,Pantheon,"Orianna, Alistar",Sett,Top,Jungle,Bot,Mid,Support,Bot,Jungle,Top,Support,Mid,SB,http://matchhistory.na.leagueoflegends.com/en/#match-details/ESPORTSTMNT03/1551544?gameHash=6cb88e0481808310,https://youtu.be/B1P4sYMGkv8?t=107
Day 1,FlyQuest,Top Esports,0 - 1,2,10.19,Nidalee,Shen,Ekko,Lucian,Caitlyn,Ashe,Lillia,"Senna, Graves","Jhin, Syndra",Akali,Renekton,Jax,Ornn,Jayce,Camille,"Thresh, Volibear",Sett,Jungle,Bot,Mid,Support,Top,Bot,Jungle,Mid,Top,Support,SB,http://matchhistory.na.leagueoflegends.com/en/#match-details/ESPORTSTMNT03/1551530?gameHash=98806d5bec486455,https://youtu.be/_txHy0BjXBA?t=478
